video_id,title,description,published_at,duration_min,view_count,like_count
JhjpC2tbFxs,Power Bi Full Course 2025 | Power Bi Tutorial for Beginners | Power Bi Training | Simplilearn,"üî•Data Analyst Masters Program (Discount Code - YTBE15) - https://www.simplilearn.com/data-analyst-masters-certification-training-course?utm_campaign=JhjpC2tbFxs&utm_medium=Lives&utm_source=Youtube 
üî•IITK - Professional Certificate Course in Data Analytics and Generative AI (India Only) - https://www.simplilearn.com/iitk-professional-certificate-course-data-analytics?utm_campaign=JhjpC2tbFxs&utm_medium=Lives&utm_source=Youtube 
üî•Purdue - Post Graduate Program in Data Analytics  - https://www.simplilearn.com/pgp-data-analytics-certification-training-course?utm_campaign=JhjpC2tbFxs&utm_medium=Lives&utm_source=Youtube 
üî•Professional Certificate in Data Science and Generative AI - https://www.simplilearn.com/pgp-data-science-certification-bootcamp-program?utm_campaign=JhjpC2tbFxs&utm_medium=Lives&utm_source=Youtube

The Power BI Full Course 2025 by Simplilearn starts with an introduction to Power BI, covering its fundamentals and a beginner-friendly tutorial. It explores business intelligence concepts, dashboard creation, and data visualization techniques. Learners will dive into data transformation, star schema modeling, and Microsoft Power Query for efficient data handling. The course also integrates ChatGPT with Excel for analytics, EDA with Python, and AI-powered insights in Power BI. Advanced topics include Power Automate, career paths for data analysts, and key business analytics skills. Finally, it wraps up with Power BI interview questions, a comparison of Data Science vs Data Analytics, and essential BI terms.

Following are the topics covered in the Power BI Full Course 2025:

00:00:00 - Introduction to Power BI Full Course 2025
00:32:49 - Business analytics introduction
00:38:44 - Power BI Introduction
00:47:32 - Business Intelligence 
04:12:14 - Power BI
04:26:11 - Create PowerBI Dashboard in minutes
04:37:03 - Power BI with AI 
04:46:40 - Power Automate Tutorial
06:14:28 - powerbi DAX tutorial 
07:20:18 - Advanced interactions in power bi 
07:36:39 - Data Transformation
07:46:40 - Star Schema in Power Bi
08:08:04 - How to use microsoft power query
08:08:53 - Top  BI Terms every data analyst know
08:24:21 - Tips to crack business analytics 
08:52:00 - Power BI Interview Questions

‚úÖ what is power bi
Microsoft Power BI is an interactive data visualization software product developed by Microsoft with a primary focus on business intelligence. It is part of the Microsoft Power Platform.

‚úÖ Subscribe to our Channel to learn more about the top Technologies: https://bit.ly/2VT4WtH 

‚è© Check out the Data Analytics training videos: https://youtube.com/playlist?list=PLEiEAq2VkUUKnB4Yzmn-B6O_hhcP-DanA

#powerbi #powerbiforbeginners #powerbitips #powerbicourse #datanalytics #simplilearn #2025 

‚û°Ô∏è About Data Science Course in collaboration with IBM

This Data Science course in collaboration with IBM propels your career to become a data scientist. Gain expertise in in-demand skills like Python, SQL, Excel, Machine Learning, Tableau, generative AI, and more. Dive deep into data interpretation nuances, master Machine Learning, and enhance programming skills to elevate your Data Science career.

Key Features
‚úÖ Simplilearn's JobAssist helps you get noticed by top hiring companies
‚úÖ Masterclasses from IBM experts
‚úÖ Dedicated live sessions by faculty of industry experts
‚úÖ Industry-recognized Data Scientist Master‚Äôs certificate from Simplilearn
‚úÖ Industry-recognized IBM certifications for IBM courses
‚úÖ Ask-Me-Anything (AMA) sessions with IBM leadership
‚úÖ Capstone from 3 domains and 25+ projects
‚úÖ Exclusive hackathons conducted by IBM
‚úÖ Lifetime access to self-paced learning content
‚úÖ Program crafted to initiate your journey as a Data Scientist
‚úÖ Integrated labs for hands-on learning experience

Skills Covered
‚úÖ Generative AI
‚úÖ Prompt Engineering
‚úÖ ChatGPT
‚úÖ Exploratory Data Analysis
‚úÖ Descriptive Statistics
‚úÖ Inferential Statistics
‚úÖ Explainable AI
‚úÖ Conversational AI
‚úÖ Large Language Models
‚úÖ Model Building and Finetuning
‚úÖ Ensemble Learning
‚úÖ Data Visualization
‚úÖ Database Management

üëâ Learn More At: https://www.simplilearn.com/pgp-data-science-certification-bootcamp-program?utm_campaign=JhjpC2tbFxs&utm_medium=Lives&utm_source=youtube

üî•üî• Interested in Attending Live Classes? Call Us: IN - 18002127688 / US - +18445327688",2025-06-26T04:47:12Z,,1756,77
lgCNTuLBMK4,A Beginners Guide To The Data Analysis Process,"üì≤ Curious about a career in Data Analytics? Book a call with a program advisor: https://bit.ly/47LEBk3 

What is the data analysis process? What steps are involved, and how do they relate to the wider discipline of data analytics? In this video, we‚Äôll give you a step-by-step guide to the process, detailing each stage and where it fits into a data analyst‚Äôs work!

Like any scientific discipline, data analysis follows a rigorous step-by-step process. Each stage requires different skills and know-how. To get meaningful insights, though, it‚Äôs important to understand the process as a whole. An underlying framework is invaluable for producing results that stand up to scrutiny.

In this video, we‚Äôll explore and break down the main steps in the data analysis process. This will cover how to define your goal, collect data, and carry out an analysis. We‚Äôll also use examples and highlight a few tools to make this process easier. This video will equip you with a much better understanding of the basics behind the data analysis process. 

For a deeper dive on the data analysis process, you can check out CareerFoundry‚Äôs detailed article here: https://bit.ly/TheDataAnalysisProcess 

Interested in getting started in data analytics? We also have a fantastic, free short course, to help give you a flavor of what it‚Äôs like to work in the field. Sign up here: https://bit.ly/GetStartedInDataAnalytics 

Video timestamps / chapters:

(00:00) Intro 
(00:21) Step one: Defining the question 
(02:47) Step two: Collecting the data 
(05:22) Step three: Cleaning the data 
(07:11) Step four: Analyzing the data 
(08:21) Step five: Sharing your results 
(10:06) Outro 

We hope you enjoyed the video, thanks for watching!

#DataAnalytics #Data #DataAnalysis

Data Analytics: The Data Analysis Process (Step-By-Step) 2021
https://youtu.be/lgCNTuLBMK4",2021-09-30T10:00:32Z,10.33,871895,15808
yZvFH7B6gKI,What Is Data Analytics? - An Introduction (Full Guide),"üì≤ Curious about a career in Data Analytics? Book a call with a program advisor: https://bit.ly/47LEBk3 

What exactly is data analytics? What would you be doing as a data analyst, and what kind of hard and soft skills do you need to start learning? In this video introduction, we give you a simple overview of data analytics, and detail some tangible examples of what the role involves!

In this video, William guides you through the term data analytics, introducing some of the key terminology, responsibilities and tasks that a data analyst would undertake on a day-to-day basis. 

If you‚Äôre interested in learning more about data analytics, you can check out CareerFoundry‚Äôs detailed article on the topic here: http://bit.ly/What_Is_Data_Analytics 

We also have a fantastic, free short course, to help give you a flavor of the profession. Sign up here: http://bit.ly/Become_A_Data_Analyst 

For more weekly content, subscribe to our YouTube channel here: https://www.youtube.com/user/careerfoundry?sub_confirmation=1 

What more do you want to see from us on data analytics? What videos can we make regarding the topic? Let us know in the comments!

Video timestamps / chapters:

(00:00) Introduction
(00:41) What is data analytics
(01:49) What are data analytics used for?
(02:45) What does a data analyst do?
(04:06) Typical process of a data analyst
(06:38) The skills needed to become a data analyst
(08:12) Outro 

We hope you enjoyed the video, thanks for watching!

#DataAnalytics #Data #DataAnalyst

Want more from CareerFoundry? Check out our other social media channels and blog here:
üîç https://linktr.ee/CareerFoundry‚Äã

For more information on our courses, visit us at: 
üñ• https://careerfoundry.com/

Data Analytics For Beginners - An Introduction (2021):
https://youtu.be/yZvFH7B6gKI",2021-03-25T13:13:45Z,9.07,1744439,41923
SfE3aO3LWi0,I started my data analyst career taking these beginner courses,"This video is specifically for anyone who is new to the data analysis field and looking to have an idea of what competences are required.
Included are some free courses, mostly from edx.org. These courses should get you started before moving on to more advance course.

PS: This is a beginner video and not suitable for intermediate or advanced data analyst.

Time codes
0:00 Beginner guide intro
1:25 Why excel is important
3:11 What are databases
4:10 Types of visualization
5:06 Statistics in data science
7:34 Practice datasets

Resources 
Edx - Free
Analyzing Data with Excel - https://bit.ly/3aYhcAQ
Data Processing and Analysis with Excel - https://bit.ly/3m05QCL

Coursera Data Analyst Certificates - Paid
Google Data Analyst Certificate - https://coursera.pxf.io/yRPM1N
IBM Data Analyst Certificate - https://coursera.pxf.io/e45z71

Coursera Excel Specializations - Paid
Excel Skills for Business Specialization - https://coursera.pxf.io/vn9MdL
Excel Skills for Data Analytics and Visualization Specialization - https://coursera.pxf.io/4ex9V3
Excel Skills for Business Forecasting Specialization - https://coursera.pxf.io/Kevbbe


DataCamp - Paid
Power BI PL 300 Certification - https://datacamp.pxf.io/oqADvo
Data Analyst Associate Certification - https://datacamp.pxf.io/zNWGv0

LearnSQL - Paid
SQL Fundamentals - https://bit.ly/3K940IP (5% Discount code --- lsql-5z24dg)

PS - Will earn a small commission when you use the paid links but at no extra cost to you. Thanks for supporting the channel :)

Contact Me /Social Media
======================
üì• Email: theworklifeman@gmail.com
üì∏Instagram: https://www.instagram.com/walegbads/",2021-05-11T19:28:57Z,8.27,466078,22351
YRJbhFLLPyE,The Complete Data Analyst Roadmap,"Go from zero to a data analyst in 8-16 months. This step-by-step roadmap covers the essential skills you must learn to become a data analyst in 2024. 

‚ù§Ô∏è Join this channel to get access to perks:
https://www.youtube.com/channel/UCWv7vMbMWH4-V0ZXdmDpPBA/join

Download the FREE roadmap PDF here: https://mosh.link/data-analyst-roadmap

‚úã Stay connected

- Complete courses: https://codewithmosh.com
- Twitter: https://twitter.com/moshhamedani
- Facebook: https://www.facebook.com/programmingwithmosh/
- Instagram: https://www.instagram.com/codewithmosh.official/
- LinkedIn: https://www.linkedin.com/school/codewithmosh/

üìö Tutorials 

https://youtu.be/_uQrJ0TkZlc?si=ZhlCrQs1SkaPNVa8
https://youtu.be/8JJ101D3knE?si=OGTuS35LQqSunuhh
https://youtu.be/7S_tz1z_5bA?si=QL7s_M2Ao90RDwG8

üìñ Chapters

00:00 - Introduction
00:20 - Mathematics & Statistics
00:42 - Excel
00:59 - SQL
01:18 - Python 
01:41 - Git 
02:23 - Data Collection and Preprocessing
02:39 - Data Visualization 
03:07 - Machine Learning Fundamentals
03:26 - Big Data

#dataanalyst #datascience #machinelearning",2024-08-06T13:00:37Z,4.13,415794,12080
iX_0wQCGLJg,Advanced Excel Full Course 2025 | Advanced Excel Tutorial | Advanced Excel Course | Simplilearn,"üî•Data Analyst Masters Program (Discount Code - YTBE15) - https://www.simplilearn.com/data-analyst-masters-certification-training-course?utm_campaign=iX_0wQCGLJg&utm_medium=Lives&utm_source=Youtube
üî•IITK - Professional Certificate Course in Data Analytics and Generative AI (India Only) - https://www.simplilearn.com/iitk-professional-certificate-course-data-analytics?utm_campaign=iX_0wQCGLJg&utm_medium=Lives&utm_source=Youtube
üî•Purdue - Post Graduate Program in Data Analytics  - https://www.simplilearn.com/pgp-data-analytics-certification-training-course?utm_campaign=iX_0wQCGLJg&utm_medium=Lives&utm_source=Youtube
üî•Professional Certificate in Data Science and Generative AI - https://www.simplilearn.com/pgp-data-science-certification-bootcamp-program?utm_campaign=iX_0wQCGLJg&utm_medium=Lives&utm_source=Youtube
üî•IITG - Professional Certificate Program in Data Analytics and Generative AI (India Only) - https://www.simplilearn.com/iitg-generative-ai-data-analytics-program?utm_campaign=iX_0wQCGLJg&utm_medium=Lives&utm_source=Youtube

The Advanced Excel Full Course 2025 is a comprehensive guide designed for aspiring data analysts and Excel power users. It starts with an introduction to Data Analytics, covering key industry insights and steps to become a data analyst in 2025. Learners are introduced to Microsoft Excel, followed by essential topics like the top 10 important Excel formulas and Excel for Data Analytics. The course also includes Excel Dashboard Tutorials, Power Pivot, and Microsoft Power Query to enhance data manipulation and visualization skills. Advanced concepts like Descriptive Statistics using Excel, ANOVA, and Web Scraping in Excel are also covered, enabling users to handle complex datasets efficiently. Additionally, it explores how to leverage AI in data analytics, including ChatGPT with Excel and Python in Excel, providing automation and advanced analytical capabilities. Career-oriented sections discuss the top 10 data analyst certifications, strategies to make money with Excel, and Excel interview questions to prepare learners for job roles. By the end of this course, participants will have mastered Excel‚Äôs advanced functionalities, empowering them to analyze data, automate tasks, and enhance business intelligence workflows. 

Following are the topics covered in the Advanced Excel Full Course 2025:

00:00:00 - Introduction to Advanced Excel Full Course 2025
00:03:55 - What Is Microsoft Excel
00:10:46 - How to Become Data Analyst in 2025
00:34:32 - 10 Important Excel Formulas 
04:57:22 - Excel  Full Course
06:10:11 - Top 10 Data Analytics Certifications 
06:28:31 - Excel Dashboard Tutorial for Beginners 
06:59:30 - ChatGPT Made This Excel Dashboard 
07:10:23 - Power Pivot in Excel
07:19:44 - How to Use Copilot in Excel
07:41:08 - How to Use Microsoft Power Query
07:41:18 - Data Analytics Using AI 
08:12:09 - Descriptive Statistics Using Excel
08:27:46 - ChatGPT and Excel with Data Analytics 
08:36:15 - Annova in Excel
08:39:44 - Web Scraping in Excel
08:46:44 - Make Money with Excel
- Excel Interview Questions

‚è© Check out the Excel tutorial videos: https://www.youtube.com/watch?v=nPkmWE4JCfE&list=PLEiEAq2VkUUKf8aLrspLg3zuyJ5S-5K5S 

#exceldataanalytics #exceltraining #excelformulasandfunctions #exceldatavisualization #excelcourse #simplilearn #simplilearn #advancedexcel #advancedexceltraining #advancedexceltricks #2025 #simplilearn
  
‚û°Ô∏è About Data Analyst Master‚Äôs Program
This online data analyst course will transform you into a data analytics expert. In this certification course, you will learn the latest analytics tools and techniques, how to work with SQL, the languages of R and Python, the art of creating data visualizations, and how to apply statistics and predictive analytics in a business environment.

Key Features
‚úÖ Simplilearn's JobAssist helps you get noticed by top hiring companies
‚úÖ Industry-recognized Data Analyst Master‚Äôs certificate from Simplilearn
‚úÖ Dedicated live sessions by faculty of industry experts
‚úÖ Masterclasses from IBM experts
‚úÖ Industry-recognized IBM certifications for IBM courses
‚úÖ Ask-Me-Anything (AMA) sessions with IBM leadership
‚úÖ Capstone from 3 domains and 20+ projects
‚úÖ Exclusive hackathons conducted by IBM
‚úÖ Lifetime access to self-paced learning content
‚úÖ Program crafted to initiate your journey as a Data Analyst

Skills Covered
‚úÖ Data Analytics
‚úÖ Statistical Analysis using Excel
‚úÖ Data Analysis using Python and R
‚úÖ Data Visualization Tableau and Power BI
‚úÖ Linear and logistic regression modules
‚úÖ Clustering using KMeans
‚úÖ Supervised Learning
‚úÖ Unsupervised Learning

üëâknow more  - https://www.simplilearn.com/pgp-data-analytics-certification-training-course?utm_campaign=iX_0wQCGLJg&utm_medium=Lives&utm_source=Youtube

üî•üî• Interested in Attending Live Classes? Call Us: IN - 18002127688 / US - +18445327688",2025-06-26T04:07:23Z,,2900,140
AYWLZ1lES6g,FASTEST Way to Become a Data Analyst and ACTUALLY Get a Job,"Learn how I tripled my income as a Data Analyst so I could escape the 9-5:
https://learn.stfnvic.com/mastermind

Best place to learn python and get certified as a data analyst :
https://datacamp.pxf.io/WqWWXA (Save 25% off Datacamp)

Today, I'll share how to learn Data Analysis fast and how to get your first full-time Data Analyst job - step by step. As a self taught Data Analyst, if you want to learn data analysis to get a job at FAANG, this video is for you. 

This video covers the following:
1. What tools do you need as a Data Analysis?
2. How to learn Data Analysis fast?
3. How to get a Data Analyst job?

Shoutout to the best Data Analyst on Youtube!  @Luke Barousse  

Best place to learn SQL: https://learnsql.com/?ref=stefanmasnikovic

Best place to learn python and get certified as a data analyst :
https://datacamp.pxf.io/WqWWXA (Save 25% off Datacamp)

Here are all the resources I mentioned in the video:
1. Learn Excel: https://excel-practice-online.com/
2. Learn SQL: https://www.w3schools.com/sql/
3. Learn PowerBI: https://datacamp.pxf.io/c/3720842/2117282/13294
4. Learn Python : https://www.learnpython.org/
5. Practice Projects at home: https://www.youtube.com/watch?v=r-uOLxNrNk8 & https://www.youtube.com/watch?v=qfyynHBFOsM

Subscribe if you want to support me.

#dataanalytics  #datascience  #data 

‚ñ∫FOLLOW MY JOURNEY:
Instagram: https://instagram.com/stefanovic92

‚ñ∫I TWEET ABOUT TECH, CRYPTO & POLITICS (and much more): 
https://twitter.com/stfnvic

‚ñ∫GEAR I USE IN MY VIDEOS:
Main Camera: https://amzn.to/3fW5Pf7
Cinematic Zoom Lens: https://amzn.to/33FULAt
Ultra Wide Lens for Vlogging: https://amzn.to/3rG2gzi
Microphone I use for everything: https://amzn.to/3fPxXRb
Fastest Laptop ever for Video Editing: https://amzn.to/343egTa
My Favourite Backpack That Fits My Camera AND Laptop: https://amzn.to/3LJfox7

‚ñ∫WHERE I GET MY MUSIC:
Epidemic (30 Days For Free!): http://epidemicsound.com/referral/cmxato",2022-07-11T13:07:22Z,10.92,3288912,127610
XtwXnDNbEKM,Master Data Analyst in 2024 with This Proven Roadmap,,2024-04-25T06:17:28Z,0.08,633273,16281
N03D-cAJgj4,DATA ANALYST TUTORIAL BY Mrs. ESHWARI,DATA ANALYST TUTORIAL BY Mrs. ESHWARI,2025-06-26T07:26:11Z,715.0,278,5
F25knulvz-A,What do data analysts DO?! Here's a project walkthrough for an entry level data analyst! This goes b,"What do data analysts DO?! Here's a project walkthrough for an entry level data analyst! This goes by fast because we're on tiktok, it's okay if you need to pause or rewatch for it to make sense. Any data analytics project essentially boils down to: 1. Locate the data using SQL 2. Select the data using SQL 3. Visualize the data using Tableau 4. Explain the results via email, in a PowerPoint, in a meeting... whatever works for that particular project. For all my recommended resources on how to learn this for FREE, start my free course! ü•∞

Check out the FREE data analytics course in my profile ü•∞

**If the video got cut off it's because of the 60sec limit on Shorts, you can watch the full video on my TikTok @charlottechaze",2023-07-02T00:36:35Z,1.0,785497,28287
